[
    {
        "region_code": "NW",
        "slug": "northwest",
        "post_code": "WA"
    },
    {
        "region_code": "NW",
        "slug": "northwest",
        "post_code": "HI"
    },
    {
        "region_code": "NW",
        "slug": "northwest",
        "post_code": "MT"
    },
    {
        "region_code": "NW",
        "slug": "northwest",
        "post_code": "OR"
    },
    {
        "region_code": "NW",
        "slug": "northwest",
        "post_code": "ID"
    },
    {
        "region_code": "NW",
        "slug": "northwest",
        "post_code": "WY"
    },
    {
        "region_code": "NW",
        "slug": "northwest",
        "post_code": "AK"
    },
    {
        "region_code": "SW",
        "slug": "southwest",
        "post_code": "CA"
    },
    {
        "region_code": "SW",
        "slug": "southwest",
        "post_code": "NV"
    },
    {
        "region_code": "SW",
        "slug": "southwest",
        "post_code": "UT"
    },
    {
        "region_code": "SW",
        "slug": "southwest",
        "post_code": "NM"
    },
    {
        "region_code": "SW",
        "slug": "southwest",
        "post_code": "CA"
    },
    {
        "region_code": "SW",
        "slug": "southwest",
        "post_code": "AZ"
    },
    {
        "region_code": "MW",
        "slug": "midwest",
        "post_code": "ND"
    },
    {
        "region_code": "MW",
        "slug": "midwest",
        "post_code": "SD"
    },
    {
        "region_code": "MW",
        "slug": "midwest",
        "post_code": "NE"
    },
    {
        "region_code": "MW",
        "slug": "midwest",
        "post_code": "KS"
    },
    {
        "region_code": "MW",
        "slug": "midwest",
        "post_code": "CO"
    },
    {
        "region_code": "MW",
        "slug": "midwest",
        "post_code": "MO"
    },
    {
        "region_code": "MW",
        "slug": "midwest",
        "post_code": "IA"
    },
    {
        "region_code": "MW",
        "slug": "midwest",
        "post_code": "MN"
    },
    {
        "region_code": "South",
        "slug": "south",
        "post_code": "OK"
    },
    {
        "region_code": "South",
        "slug": "south",
        "post_code": "TX"
    },
    {
        "region_code": "South",
        "slug": "south",
        "post_code": "LA"
    },
    {
        "region_code": "GL",
        "slug": "greatlakes",
        "post_code": "WI"
    },
    {
        "region_code": "GL",
        "slug": "greatlakes",
        "post_code": "IL"
    },
    {
        "region_code": "GL",
        "slug": "greatlakes",
        "post_code": "MI"
    },
    {
        "region_code": "GL",
        "slug": "greatlakes",
        "post_code": "WV"
    },
    {
        "region_code": "GL",
        "slug": "greatlakes",
        "post_code": "IN"
    },
    {
        "region_code": "GL",
        "slug": "greatlakes",
        "post_code": "DC"
    },
    {
        "region_code": "GL",
        "slug": "greatlakes",
        "post_code": "OH"
    },
    {
        "region_code": "GL",
        "slug": "greatlakes",
        "post_code": "KY"
    },
    {
        "region_code": "GL",
        "slug": "greatlakes",
        "post_code": "VA"
    },
    {
        "region_code": "GL",
        "slug": "greatlakes",
        "post_code": "MD"
    },
    {
        "region_code": "SE",
        "slug": "southeast",
        "post_code": "AR"
    },
    {
        "region_code": "SE",
        "slug": "southeast",
        "post_code": "MS"
    },
    {
        "region_code": "SE",
        "slug": "southeast",
        "post_code": "AL"
    },
    {
        "region_code": "SE",
        "slug": "southeast",
        "post_code": "TN"
    },
    {
        "region_code": "SE",
        "slug": "southeast",
        "post_code": "GA"
    },
    {
        "region_code": "SE",
        "slug": "southeast",
        "post_code": "FL"
    },
    {
        "region_code": "SE",
        "slug": "southeast",
        "post_code": "SC"
    },
    {
        "region_code": "SE",
        "slug": "southeast",
        "post_code": "NC"
    },
    {
        "region_code": "N-E",
        "slug": "newengland",
        "post_code": "PA"
    },
    {
        "region_code": "N-E",
        "slug": "newengland",
        "post_code": "NJ"
    },
    {
        "region_code": "N-E",
        "slug": "newengland",
        "post_code": "NY"
    },
    {
        "region_code": "N-E",
        "slug": "newengland",
        "post_code": "CT"
    },
    {
        "region_code": "N-E",
        "slug": "newengland",
        "post_code": "RI"
    },
    {
        "region_code": "N-E",
        "slug": "newengland",
        "post_code": "MA"
    },
    {
        "region_code": "N-E",
        "slug": "newengland",
        "post_code": "NH"
    },
    {
        "region_code": "N-E",
        "slug": "newengland",
        "post_code": "VT"
    },
    {
        "region_code": "N-E",
        "slug": "newengland",
        "post_code": "ME"
    },
    {
        "region_code": "N-E",
        "slug": "newengland",
        "post_code": "DE"
    }
]